a,alpha,d,theta,min_theta,max_theta,,
445,209.842,1.570796327,-165,165,0,,
0,780.121,0,-110,110,1.570796327,,
0,150.206,1.570796327,-110,70,0,,
829.789,-0.4106,-1.570796327,-160,160,0,,
0,0,1.570796327,-120,120,-1.570796327,,
150,0,-1.570796327,-400,400,-1.570796327,,
,,,,,,,
,,,,,,,
a：链接长度
alpha：链接的转角（弧度）
d：链接的偏移
theta：关节角度（弧度）
min_theta：关节角度的最小值（弧度）
max_theta：关节角度的最大值（弧度）
